split,split_folder,feature_set,batch_size,nhead,nhid,nlayers,dropout,learning_rate,epochs,criteria,permute,init_range,stop_cutoff,hash_id,model_path,test_auroc,test_auprc,test_p@top{k},test_enrichment@top{k},test_loss,val_auroc,val_auprc,val_p@top{k},val_enrichment@top{k},val_loss
compound,gene-embed/split_metadata,crispr_orf,1024,5,512,4,0.2,0.0001,200,auprc,False,0.07762164880704038,200,16897303b6f8b920c7c0ba2b3f7b70b3,grid_search_compound/16897303b6f8b920c7c0ba2b3f7b70b3/model.pt,0.615063487797989,0.10369107822463482,0.16201117318435754,20.23087523277467,0.07044510700200733,0.5635117783470193,0.03464568975777015,0.06622516556291391,8.667512094312151,0.06932464779942836
compound,gene-embed/split_metadata,crispr_orf,1024,5,512,6,0.2,0.0001,200,auprc,False,0.07762164880704038,200,792e3cc7e5a2504c43f217f208f90b71,grid_search_compound/792e3cc7e5a2504c43f217f208f90b71/model.pt,0.5122457050705236,0.03642095300782584,0.11173184357541899,13.16257334598222,0.05686652091772933,0.40977529952766034,0.02260113492267701,0.026490066225165563,3.3254944361850702,0.05310890713314477
compound,gene-embed/split_metadata,crispr_orf,1024,4,1024,4,0.2,0.0001,200,auprc,False,0.07762164880704038,200,d8d6ca4e5ae97f2aff860a72b76553fb,grid_search_compound/d8d6ca4e5ae97f2aff860a72b76553fb/model.pt,0.5846490551766572,0.02181867541376505,0.07262569832402235,8.194891297031702,0.05547403779469038,0.5017099973659223,0.026603929567721417,0.026490066225165563,3.3254944361850702,0.05034745592427881
compound,gene-embed/split_metadata,crispr_orf,1024,10,512,4,0.1,0.001,200,auprc,False,0.07762164880704038,200,025fe4bb19ad9cce63ade29015634444,grid_search_compound/025fe4bb19ad9cce63ade29015634444/model.pt,0.5823077627414774,0.018721706512353387,0.05027932960893855,5.539894840617812,0.05277850576921513,0.5333713252999941,0.02282403776162257,0.039735099337748346,5.0570449874400545,0.04734458504734855
compound,gene-embed/split_metadata,crispr_orf,1024,5,128,6,0.1,0.001,200,auprc,False,0.07762164880704038,200,35e0a13a3f54667f3361014c3bc259c7,grid_search_compound/35e0a13a3f54667f3361014c3bc259c7/model.pt,0.46510296169019244,0.008657495204661666,0.0,0.0,0.05388151932703821,0.47014933139641296,0.016948981147071055,0.019867549668874173,2.477268659387865,0.04580399683235507
compound,gene-embed/split_metadata,crispr_orf,1024,5,128,4,0.1,0.0001,200,auprc,False,0.07762164880704038,200,34c31fc2b9c08fe9c748d40fad70e46e,grid_search_compound/34c31fc2b9c08fe9c748d40fad70e46e/model.pt,0.6268731457933239,0.017193611419496286,0.0223463687150838,2.391827613727055,0.054086430096312574,0.5538573808366892,0.0275127696314324,0.052980132450331126,6.8370305191497245,0.047301378615788724
compound,gene-embed/split_metadata,crispr_orf,1024,4,128,6,0.2,0.0001,200,auprc,False,0.07762164880704038,200,d7d2db00702259a1b8d098eef0be0cae,grid_search_compound/d7d2db00702259a1b8d098eef0be0cae/model.pt,0.5230732132583364,0.029372786435417318,0.0446927374301676,4.895553595347773,0.05693517292016431,0.4194366949285749,0.0228585266292295,0.039735099337748346,5.0570449874400545,0.0514569580800047
compound,gene-embed/split_metadata,crispr_orf,1024,4,128,6,0.1,0.001,200,auprc,False,0.07762164880704038,200,d36af901cb78608773751b03f770be26,grid_search_compound/d36af901cb78608773751b03f770be26/model.pt,0.46543685683429226,0.01031870433535256,0.01675977653631285,1.7836782630777044,0.05556428177576316,0.43650455006434474,0.01576783707175857,0.026490066225165563,3.3254944361850702,0.047690659883971274
compound,gene-embed/split_metadata,crispr_orf,1024,10,128,4,0.2,0.0001,200,auprc,False,0.07762164880704038,200,eabb043ec5c27b744bcc0d6a5fadbb96,grid_search_compound/eabb043ec5c27b744bcc0d6a5fadbb96/model.pt,0.5424550881951439,0.017471450974694644,0.07262569832402235,8.194891297031702,0.05914782791545516,0.4304350462973263,0.026382587709317427,0.046357615894039736,5.940857247976453,0.053437539743945786
compound,gene-embed/split_metadata,crispr_orf,1024,4,512,4,0.2,0.001,200,auprc,False,0.07762164880704038,200,efa0d0076c4407d6cb2cc42b9af26ad8,grid_search_compound/efa0d0076c4407d6cb2cc42b9af26ad8/model.pt,0.5828493916666094,0.01889850740964249,0.0446927374301676,4.895553595347773,0.05238914715224191,0.5247858107181845,0.01408209754994856,0.033112582781456956,4.185339744171278,0.04602111515736109
compound,gene-embed/split_metadata,crispr_orf,1024,10,128,4,0.2,0.001,200,auprc,False,0.07762164880704038,200,cf8e4b398fb52584572c03facd11efcd,grid_search_compound/cf8e4b398fb52584572c03facd11efcd/model.pt,0.4966346530965159,0.011462188289389342,0.01675977653631285,1.7836782630777044,0.05413507670164108,0.4625243221556087,0.024609092667920437,0.06622516556291391,8.667512094312151,0.04624458164662907
compound,gene-embed/split_metadata,crispr_orf,1024,4,1024,4,0.1,0.0001,200,auprc,False,0.07762164880704038,200,c648a5a9c366ba2cb91cc3b0e0a34e04,grid_search_compound/c648a5a9c366ba2cb91cc3b0e0a34e04/model.pt,0.5969960174168297,0.016478400231057372,0.027932960893854747,3.006967186797662,0.05462558547917165,0.5066490726538944,0.029953537092250956,0.052980132450331126,6.8370305191497245,0.04741110233590007
compound,gene-embed/split_metadata,crispr_orf,1024,4,1024,6,0.1,0.0001,200,auprc,False,0.07762164880704038,200,e6d92d1cfc3fc2a6f739e8c5bee6ace4,grid_search_compound/e6d92d1cfc3fc2a6f739e8c5bee6ace4/model.pt,0.653145727707988,0.0369750106835534,0.0782122905027933,8.878754020653462,0.06696009086935144,0.5802559361849797,0.03364378638742772,0.052980132450331126,6.8370305191497245,0.0615629886129969
compound,gene-embed/split_metadata,crispr_orf,1024,4,128,4,0.2,0.0001,200,auprc,False,0.07762164880704038,200,224e57d37b993c75e1884b0fc4dcfab2,grid_search_compound/224e57d37b993c75e1884b0fc4dcfab2/model.pt,0.5127173934764137,0.01138662869369665,0.0223463687150838,2.391827613727055,0.056888756391249205,0.4416246733420562,0.02621263105645809,0.06622516556291391,8.667512094312151,0.0478285291648813
compound,gene-embed/split_metadata,crispr_orf,1024,5,128,6,0.2,0.0001,200,auprc,False,0.07762164880704038,200,6050b947b93bcaec2959afdf380260c7,grid_search_compound/6050b947b93bcaec2959afdf380260c7/model.pt,0.5014031350651341,0.020427397430328963,0.0782122905027933,8.878754020653462,0.06028444378783828,0.4164062494392715,0.02571351885808621,0.059602649006622516,7.745825949071914,0.054242752909072135
compound,gene-embed/split_metadata,crispr_orf,1024,4,512,4,0.1,0.001,200,auprc,False,0.07762164880704038,200,54d7f09681043cca76085138ade1abf9,grid_search_compound/54d7f09681043cca76085138ade1abf9/model.pt,0.5453982568257623,0.015167450415872592,0.03910614525139665,4.258704690139016,0.05461870486799039,0.5358448104720024,0.01825139343997095,0.033112582781456956,4.185339744171278,0.0481308111430783
compound,gene-embed/split_metadata,crispr_orf,1024,5,1024,6,0.2,0.0001,200,auprc,False,0.07762164880704038,200,f61aa5ba1e403909b2971f20cf73714b,grid_search_compound/f61aa5ba1e403909b2971f20cf73714b/model.pt,0.4979672511347812,0.01964318013220178,0.0782122905027933,8.878754020653462,0.05953983393938918,0.46821199230303806,0.03019152127564838,0.06622516556291391,8.667512094312151,0.050418763225407975
compound,gene-embed/split_metadata,crispr_orf,1024,4,128,4,0.2,0.001,200,auprc,False,0.07762164880704038,200,4678b05878bc9c9e7502517e8abd113c,grid_search_compound/4678b05878bc9c9e7502517e8abd113c/model.pt,0.5345904333896336,0.012560270149500488,0.0111731843575419,1.1824006565034877,0.05398686102738506,0.5009685798301415,0.020590236963734784,0.059602649006622516,7.745825949071914,0.045752260613402256
compound,gene-embed/split_metadata,crispr_orf,1024,4,128,6,0.2,0.001,200,auprc,False,0.07762164880704038,200,fd25053f89f56c82d5fd8821ab3e8ad0,grid_search_compound/fd25053f89f56c82d5fd8821ab3e8ad0/model.pt,0.46019519519071694,0.009001177514418207,0.0,0.0,0.05489126818352624,0.47390109791520274,0.015785825140187493,0.039735099337748346,5.0570449874400545,0.0471907918047356
compound,gene-embed/split_metadata,crispr_orf,1024,5,128,4,0.1,0.001,200,auprc,False,0.07762164880704038,200,ba1bcfaa369c87c0822eaa4297fc1902,grid_search_compound/ba1bcfaa369c87c0822eaa4297fc1902/model.pt,0.5947896848322128,0.028508127299439648,0.09497206703910614,10.980998689564796,0.06688373280983222,0.5142825152500184,0.03685289609926218,0.039735099337748346,5.0570449874400545,0.06278031669851196
compound,gene-embed/split_metadata,crispr_orf,1024,4,512,6,0.2,0.001,200,auprc,False,0.07762164880704038,200,3aee4ae857498c83301e40225916beb1,grid_search_compound/3aee4ae857498c83301e40225916beb1/model.pt,0.5398739996939916,0.012085980738475357,0.0223463687150838,2.391827613727055,0.05293530813957516,0.5323277424374335,0.013389623377913816,0.039735099337748346,5.0570449874400545,0.04544426049841078
compound,gene-embed/split_metadata,crispr_orf,1024,4,1024,4,0.2,0.001,200,auprc,False,0.07762164880704038,200,b65ea12748e4050862c9e9f118e64ec0,grid_search_compound/b65ea12748e4050862c9e9f118e64ec0/model.pt,0.47188704292975914,0.01007218975633185,0.0223463687150838,2.391827613727055,0.05443972966780788,0.4319185991012555,0.013775934108662978,0.013245033112582781,1.640428463487266,0.04618301063677982
compound,gene-embed/split_metadata,crispr_orf,1024,4,1024,6,0.2,0.0001,200,auprc,False,0.07762164880704038,200,85074af8f006ff3f23f16ee8ac00c060,grid_search_compound/85074af8f006ff3f23f16ee8ac00c060/model.pt,0.583881349860969,0.08383638784613787,0.12290502793296089,14.663274383517772,0.06251970502106767,0.5106515072020854,0.03140188158516077,0.052980132450331126,6.8370305191497245,0.06145944595827084
compound,gene-embed/split_metadata,crispr_orf,1024,5,1024,6,0.1,0.001,200,auprc,False,0.07762164880704038,200,dc5bf383148d08c8ff7f5270a9bea276,grid_search_compound/dc5bf383148d08c8ff7f5270a9bea276/model.pt,0.4669958295169272,0.009174074883418603,0.00558659217877095,0.5878789780930261,0.05294043502133144,0.4619574930182584,0.020912108387436932,0.019867549668874173,2.477268659387865,0.045443956887251453
compound,gene-embed/split_metadata,crispr_orf,1024,4,1024,4,0.1,0.001,200,auprc,False,0.07762164880704038,200,ff76f26c5c81d3718d760c8f8e500dcf,grid_search_compound/ff76f26c5c81d3718d760c8f8e500dcf/model.pt,0.5232775171205145,0.018236566963227868,0.0335195530726257,3.6292182000193756,0.05286201893499023,0.4934017069111168,0.0185954602861457,0.026490066225165563,3.3254944361850702,0.045470101366701876
compound,gene-embed/split_metadata,crispr_orf,1024,10,1024,6,0.1,0.001,200,auprc,False,0.07762164880704038,200,7765b62ff696054b66953407a4697690,grid_search_compound/7765b62ff696054b66953407a4697690/model.pt,0.5325667812657235,0.011365480364035264,0.01675977653631285,1.7836782630777044,0.05295865472994352,0.5033620378431568,0.02325499969022621,0.033112582781456956,4.185339744171278,0.045440945382180964
compound,gene-embed/split_metadata,crispr_orf,1024,5,128,6,0.1,0.0001,200,auprc,False,0.07762164880704038,200,953bab66265fa41d297786006f58633b,grid_search_compound/953bab66265fa41d297786006f58633b/model.pt,0.6391689575044983,0.038111827689256944,0.10614525139664804,12.426291899441342,0.055322728070773576,0.5179266219136611,0.0229363758035291,0.026490066225165563,3.3254944361850702,0.05441114392229601
compound,gene-embed/split_metadata,crispr_orf,1024,10,128,6,0.2,0.001,200,auprc,False,0.07762164880704038,200,424bc75a3865a9754d93aff9e54faa47,grid_search_compound/424bc75a3865a9754d93aff9e54faa47/model.pt,0.4833316382574939,0.009439388742722453,0.0,0.0,0.0548982033015866,0.4607021791072414,0.013269100318266712,0.039735099337748346,5.0570449874400545,0.04694169178899182
compound,gene-embed/split_metadata,crispr_orf,1024,10,512,4,0.2,0.0001,200,auprc,False,0.07762164880704038,200,50a86076f509fc2840c674fe9040690d,grid_search_compound/50a86076f509fc2840c674fe9040690d/model.pt,0.5712647661734842,0.01820166225458479,0.03910614525139665,4.258704690139016,0.057328276336193085,0.5484716965829479,0.029947082634726792,0.033112582781456956,4.185339744171278,0.0488301294635197
compound,gene-embed/split_metadata,crispr_orf,1024,10,128,6,0.1,0.001,200,auprc,False,0.07762164880704038,200,3dd49de500dcbbcb53d36bc87241d0bf,grid_search_compound/3dd49de500dcbbcb53d36bc87241d0bf/model.pt,0.545643421460376,0.011194576428155027,0.0111731843575419,1.1824006565034877,0.0528459683256714,0.5472668033707583,0.017559417802589135,0.026490066225165563,3.3254944361850702,0.04553666392243222
compound,gene-embed/split_metadata,crispr_orf,1024,10,512,6,0.1,0.001,200,auprc,False,0.07762164880704038,200,283f14f248c8477e4f44ca38eaafb5d5,grid_search_compound/283f14f248c8477e4f44ca38eaafb5d5/model.pt,0.5208628542472388,0.009997747985514095,0.01675977653631285,1.7836782630777044,0.05296982501290346,0.5302167121110878,0.012226757283478266,0.039735099337748346,5.0570449874400545,0.04543995563136904
compound,gene-embed/split_metadata,crispr_orf,1024,10,128,6,0.2,0.0001,200,auprc,False,0.07762164880704038,200,3ac4362e84bb9b37cc0c67c3fc9dbafa,grid_search_compound/3ac4362e84bb9b37cc0c67c3fc9dbafa/model.pt,0.509352792207463,0.01920083554585331,0.055865921787709494,6.191861426068559,0.05652559607436782,0.3954969112387558,0.02372578367032894,0.059602649006622516,7.745825949071914,0.05099796285656722
compound,gene-embed/split_metadata,crispr_orf,1024,10,1024,6,0.1,0.0001,200,auprc,False,0.07762164880704038,200,2904efcefab27a549058281b12ab3806,grid_search_compound/2904efcefab27a549058281b12ab3806/model.pt,0.6061518129805428,0.06340965870142011,0.12290502793296089,14.663274383517772,0.08469555526971817,0.5208551494067584,0.028619604741318954,0.06622516556291391,8.667512094312151,0.080624234531761
compound,gene-embed/split_metadata,crispr_orf,1024,10,1024,6,0.2,0.001,200,auprc,False,0.07762164880704038,200,09879315db9c52c29c640f9af7af5288,grid_search_compound/09879315db9c52c29c640f9af7af5288/model.pt,0.46943062452260753,0.009064283696646601,0.0,0.0,0.0531574455334952,0.5063348853099563,0.02205764403232631,0.019867549668874173,2.477268659387865,0.045468682055606655
compound,gene-embed/split_metadata,crispr_orf,1024,4,1024,6,0.1,0.001,200,auprc,False,0.07762164880704038,200,784e0528cf82748c00f1952106734b44,grid_search_compound/784e0528cf82748c00f1952106734b44/model.pt,0.44662837485374374,0.009278273631823507,0.0111731843575419,1.1824006565034877,0.05292092175468018,0.47481369462066764,0.016426085802106083,0.013245033112582781,1.640428463487266,0.04544935649947116
compound,gene-embed/split_metadata,crispr_orf,1024,10,128,4,0.1,0.001,200,auprc,False,0.07762164880704038,200,e4c06773497c56013a7b5cd10c693649,grid_search_compound/e4c06773497c56013a7b5cd10c693649/model.pt,0.5262694502496235,0.017303445010918895,0.0893854748603352,10.271652328889195,0.06396813102458652,0.48158191084759167,0.025797877594242964,0.046357615894039736,5.940857247976453,0.05656279956823901
compound,gene-embed/split_metadata,crispr_orf,1024,5,1024,6,0.1,0.0001,200,auprc,False,0.07762164880704038,200,159e8e20e7c402e61f60dd1696d18c29,grid_search_compound/159e8e20e7c402e61f60dd1696d18c29/model.pt,0.613190155596032,0.03534610497400127,0.09497206703910614,10.980998689564796,0.053634007314318104,0.5389990647947249,0.030233477329221714,0.052980132450331126,6.8370305191497245,0.04888934132299925
compound,gene-embed/split_metadata,crispr_orf,1024,5,128,4,0.2,0.001,200,auprc,False,0.07762164880704038,200,b813b7951b1100979897f1319425e7d1,grid_search_compound/b813b7951b1100979897f1319425e7d1/model.pt,0.4973067680650098,0.009504089817147596,0.0111731843575419,1.1824006565034877,0.05434761627724296,0.4403478274600098,0.01766618700799437,0.019867549668874173,2.477268659387865,0.046757300899020936
compound,gene-embed/split_metadata,crispr_orf,1024,10,128,6,0.1,0.0001,200,auprc,False,0.07762164880704038,200,1fcd380250b7e36c46c3fb5e17561da4,grid_search_compound/1fcd380250b7e36c46c3fb5e17561da4/model.pt,0.6260013498967595,0.05314668585639282,0.12290502793296089,14.663274383517772,0.055309584658396874,0.49376398232368723,0.032610725339102274,0.026490066225165563,3.3254944361850702,0.05464904833781092
compound,gene-embed/split_metadata,crispr_orf,1024,5,512,4,0.1,0.001,200,auprc,False,0.07762164880704038,200,7e25e27b6f5d5ae6663e21a68778fda6,grid_search_compound/7e25e27b6f5d5ae6663e21a68778fda6/model.pt,0.54179833329804,0.014833122567922312,0.027932960893854747,3.006967186797662,0.057889325642272046,0.5246345486217027,0.02660622873985928,0.033112582781456956,4.185339744171278,0.05102593383114589
compound,gene-embed/split_metadata,crispr_orf,1024,5,1024,4,0.2,0.001,200,auprc,False,0.07762164880704038,200,0ed19dfde5ddafeab649a1899e63b7ed,grid_search_compound/0ed19dfde5ddafeab649a1899e63b7ed/model.pt,0.49891018056584113,0.009915574791829094,0.0111731843575419,1.1824006565034877,0.053424660410535965,0.4767059960079726,0.02190613809498329,0.026490066225165563,3.3254944361850702,0.045575253003718036
compound,gene-embed/split_metadata,crispr_orf,1024,4,512,6,0.1,0.0001,200,auprc,False,0.07762164880704038,200,92db1cd9da93a23b1db83239d07817fb,grid_search_compound/92db1cd9da93a23b1db83239d07817fb/model.pt,0.5541864545644615,0.01755222256435472,0.0335195530726257,3.6292182000193756,0.05343235695832654,0.485581833332496,0.025778170635459275,0.052980132450331126,6.8370305191497245,0.04677296652899761
compound,gene-embed/split_metadata,crispr_orf,1024,10,512,4,0.2,0.001,200,auprc,False,0.07762164880704038,200,b29c72b22c5e559ec23895f18b28de87,grid_search_compound/b29c72b22c5e559ec23895f18b28de87/model.pt,0.5356064350049763,0.013190256108064773,0.0111731843575419,1.1824006565034877,0.0536164085527784,0.5001745883984304,0.017026548555025455,0.019867549668874173,2.477268659387865,0.04589968436936799
compound,gene-embed/split_metadata,crispr_orf,1024,10,1024,4,0.2,0.001,200,auprc,False,0.07762164880704038,200,018b6aa69a58c1411aa60fa4532f37bd,grid_search_compound/018b6aa69a58c1411aa60fa4532f37bd/model.pt,0.5094140833661164,0.010666802248738779,0.0111731843575419,1.1824006565034877,0.05429381818363541,0.4851565769046643,0.014807220182834879,0.026490066225165563,3.3254944361850702,0.04659156253757445
compound,gene-embed/split_metadata,crispr_orf,1024,4,512,4,0.1,0.0001,200,auprc,False,0.07762164880704038,200,7cb05539e70882aeddf0893460e4f33d,grid_search_compound/7cb05539e70882aeddf0893460e4f33d/model.pt,0.6207717675326266,0.1147610632178678,0.1787709497206704,22.779310606924334,0.07850767397566845,0.5983600174265419,0.028713689366028843,0.033112582781456956,4.185339744171278,0.08095493757067934
compound,gene-embed/split_metadata,crispr_orf,1024,5,512,4,0.2,0.001,200,auprc,False,0.07762164880704038,200,ec4e38cf8b076ef61c5094c4ec2331cf,grid_search_compound/ec4e38cf8b076ef61c5094c4ec2331cf/model.pt,0.5315655432141442,0.014251960997751731,0.0335195530726257,3.6292182000193756,0.05480017434609564,0.4928842218740423,0.014972093675596251,0.026490066225165563,3.3254944361850702,0.04748297367539061
compound,gene-embed/split_metadata,crispr_orf,1024,5,1024,4,0.1,0.001,200,auprc,False,0.07762164880704038,200,957acf8b4bd4f26062e05951d8c26f71,grid_search_compound/957acf8b4bd4f26062e05951d8c26f71/model.pt,0.5150002281641672,0.012422582131057559,0.00558659217877095,0.5878789780930261,0.05280737206339836,0.49608297560355913,0.021826966263727446,0.052980132450331126,6.8370305191497245,0.0455669591105298
compound,gene-embed/split_metadata,crispr_orf,1024,5,1024,6,0.2,0.001,200,auprc,False,0.07762164880704038,200,863f27b931c5f94b08400b5b65c528ed,grid_search_compound/863f27b931c5f94b08400b5b65c528ed/model.pt,0.4573989165631974,0.008647996150693676,0.0,0.0,0.05322524689530071,0.4924799591179644,0.015503417433959388,0.019867549668874173,2.477268659387865,0.045490843023320564
compound,gene-embed/split_metadata,crispr_orf,1024,10,1024,4,0.2,0.0001,200,auprc,False,0.07762164880704038,200,1004a21af2edaff937dfa305eb24b59a,grid_search_compound/1004a21af2edaff937dfa305eb24b59a/model.pt,0.6045449705608573,0.020410568109606134,0.061452513966480445,6.85158951848896,0.05615208944992015,0.49716065075358307,0.027260466982518418,0.046357615894039736,5.940857247976453,0.04993252333645758
compound,gene-embed/split_metadata,crispr_orf,1024,5,128,6,0.2,0.001,200,auprc,False,0.07762164880704038,200,0293aa4592323231630e820f24acd549,grid_search_compound/0293aa4592323231630e820f24acd549/model.pt,0.4416530538655335,0.00815737103740504,0.0,0.0,0.054053669501292076,0.44987590407363354,0.015279547514515294,0.019867549668874173,2.477268659387865,0.046316568347576414
compound,gene-embed/split_metadata,crispr_orf,1024,10,512,6,0.1,0.0001,200,auprc,False,0.07762164880704038,200,677ba262dcf1fd2ee04b6faa50d96e80,grid_search_compound/677ba262dcf1fd2ee04b6faa50d96e80/model.pt,0.5452868590264578,0.01431200866342918,0.027932960893854747,3.006967186797662,0.0542014111813746,0.4796373944305403,0.02275446228508155,0.046357615894039736,5.940857247976453,0.04697179176697606
compound,gene-embed/split_metadata,crispr_orf,1024,4,512,6,0.2,0.0001,200,auprc,False,0.07762164880704038,200,7bca69ea55304be947c9ee561efaadfd,grid_search_compound/7bca69ea55304be947c9ee561efaadfd/model.pt,0.5091161278065311,0.01723181534724877,0.0446927374301676,4.895553595347773,0.059610930516531595,0.38397999823437834,0.020593045972853146,0.026490066225165563,3.3254944361850702,0.054602381454682665
compound,gene-embed/split_metadata,crispr_orf,1024,4,1024,6,0.2,0.001,200,auprc,False,0.07762164880704038,200,3b8418dae13a910b5d145c8cbe4d9325,grid_search_compound/3b8418dae13a910b5d145c8cbe4d9325/model.pt,0.5208868636792173,0.010040235929651687,0.0111731843575419,1.1824006565034877,0.05306516734785155,0.5321527951728192,0.016899059440132456,0.026490066225165563,3.3254944361850702,0.04544643521014797
compound,gene-embed/split_metadata,crispr_orf,1024,10,1024,6,0.2,0.0001,200,auprc,False,0.07762164880704038,200,3514873134c10d3b356a79452fd1fbe9,grid_search_compound/3514873134c10d3b356a79452fd1fbe9/model.pt,0.5298065913496254,0.1130706801256624,0.1452513966480447,17.782378500748532,0.06453440691295423,0.4464797739430134,0.020697924224524548,0.039735099337748346,5.0570449874400545,0.06331863136667955
compound,gene-embed/split_metadata,crispr_orf,1024,10,1024,4,0.1,0.001,200,auprc,False,0.07762164880704038,200,eb6994e1f2b249e602557754af2befa5,grid_search_compound/eb6994e1f2b249e602557754af2befa5/model.pt,0.5305222513748755,0.012886232907417007,0.03910614525139665,4.258704690139016,0.052924626948017826,0.4968617152224576,0.017205984718355584,0.026490066225165563,3.3254944361850702,0.04543539487119568
compound,gene-embed/split_metadata,crispr_orf,1024,5,1024,4,0.1,0.0001,200,auprc,False,0.07762164880704038,200,1cbf47f5b59b8003d6b83a0b8ca809c5,grid_search_compound/1cbf47f5b59b8003d6b83a0b8ca809c5/model.pt,0.6308071135920525,0.02158882762143658,0.03910614525139665,4.258704690139016,0.05444243099344404,0.557866813275465,0.03067363766584362,0.046357615894039736,5.940857247976453,0.04868219528151186
compound,gene-embed/split_metadata,crispr_orf,1024,10,512,6,0.2,0.0001,200,auprc,False,0.07762164880704038,200,365251feb199e3574f9ae22a1b4aa994,grid_search_compound/365251feb199e3574f9ae22a1b4aa994/model.pt,0.4980920703556886,0.012824961747177416,0.0223463687150838,2.391827613727055,0.05658133269140595,0.4497641172573723,0.019177041020324893,0.052980132450331126,6.8370305191497245,0.04836788567665376
compound,gene-embed/split_metadata,crispr_orf,1024,10,128,4,0.1,0.0001,200,auprc,False,0.07762164880704038,200,e61d1a2ae749babe921f9fc2c6231979,grid_search_compound/e61d1a2ae749babe921f9fc2c6231979/model.pt,0.632905030915499,0.016812037299380408,0.0223463687150838,2.391827613727055,0.054069542865219866,0.5452512314493099,0.02844429559545336,0.06622516556291391,8.667512094312151,0.04734837768697425
compound,gene-embed/split_metadata,crispr_orf,1024,5,512,6,0.1,0.001,200,auprc,False,0.07762164880704038,200,1cb2c705f9e6874684c17c986eb9deea,grid_search_compound/1cb2c705f9e6874684c17c986eb9deea/model.pt,0.4936245264847895,0.00963045834492595,0.00558659217877095,0.5878789780930261,0.053475085743948034,0.48243655066436897,0.011750664740190243,0.013245033112582781,1.640428463487266,0.046133860210446936
compound,gene-embed/split_metadata,crispr_orf,1024,5,1024,4,0.2,0.0001,200,auprc,False,0.07762164880704038,200,c4ccaea5aa4f276b11f1986749912436,grid_search_compound/c4ccaea5aa4f276b11f1986749912436/model.pt,0.6249851991545101,0.024377790624449863,0.0670391061452514,7.519218546147926,0.055491819193488674,0.5303360351172093,0.03578154774872325,0.059602649006622516,7.745825949071914,0.05008454890431542
compound,gene-embed/split_metadata,crispr_orf,1024,5,512,6,0.1,0.0001,200,auprc,False,0.07762164880704038,200,be0151e9c069c3e8984664ec9db11e2c,grid_search_compound/be0151e9c069c3e8984664ec9db11e2c/model.pt,0.5569733381968588,0.01633366147645706,0.0111731843575419,1.1824006565034877,0.05384220231912638,0.4938528017041838,0.02027688897246698,0.039735099337748346,5.0570449874400545,0.04702046065052089
compound,gene-embed/split_metadata,crispr_orf,1024,4,512,4,0.2,0.0001,200,auprc,False,0.07762164880704038,200,99b237e71df1b4e2cfbd4035dfcb34f8,grid_search_compound/99b237e71df1b4e2cfbd4035dfcb34f8/model.pt,0.609468544512443,0.03186564158960107,0.09497206703910614,10.980998689564796,0.057023700914884866,0.5215364568567484,0.029406254797417514,0.033112582781456956,4.185339744171278,0.052435433369522035
compound,gene-embed/split_metadata,crispr_orf,1024,4,128,4,0.1,0.001,200,auprc,False,0.07762164880704038,200,30d265e7c1f30e8092b5dc35b864da95,grid_search_compound/30d265e7c1f30e8092b5dc35b864da95/model.pt,0.6379179318841977,0.07878020225121801,0.11173184357541899,13.16257334598222,0.07197547390272743,0.5282205189635657,0.025332192357303635,0.013245033112582781,1.640428463487266,0.06933353419758771
compound,gene-embed/split_metadata,crispr_orf,1024,4,128,6,0.1,0.0001,200,auprc,False,0.07762164880704038,200,18643cd63676aa3fa90df3ae7cf94123,grid_search_compound/18643cd63676aa3fa90df3ae7cf94123/model.pt,0.6012179492723949,0.036764546494189566,0.12849162011173185,15.428054719954162,0.05203588189263093,0.47252430780096133,0.023971794907099962,0.026490066225165563,3.3254944361850702,0.04937366499124389
compound,gene-embed/split_metadata,crispr_orf,1024,5,128,4,0.2,0.0001,200,auprc,False,0.07762164880704038,200,8c8a4e40fba742127cd3e568834c6593,grid_search_compound/8c8a4e40fba742127cd3e568834c6593/model.pt,0.5034297697271783,0.010921470868624376,0.0223463687150838,2.391827613727055,0.05740720347354287,0.4474036749332688,0.02518415778785961,0.059602649006622516,7.745825949071914,0.04816263838131961
compound,gene-embed/split_metadata,crispr_orf,1024,5,512,6,0.2,0.001,200,auprc,False,0.07762164880704038,200,f22beddceb5cf8f6cfa9631947ea92fa,grid_search_compound/f22beddceb5cf8f6cfa9631947ea92fa/model.pt,0.5163720465788946,0.009991790531907602,0.00558659217877095,0.5878789780930261,0.05310833807054319,0.49883440263493906,0.011619135409682657,0.019867549668874173,2.477268659387865,0.04545546820583312
compound,gene-embed/split_metadata,crispr_orf,1024,10,1024,4,0.1,0.0001,200,auprc,False,0.07762164880704038,200,f0a8b651417ba7f3ebf298477d4d706e,grid_search_compound/f0a8b651417ba7f3ebf298477d4d706e/model.pt,0.6341086341794695,0.0237099641966713,0.061452513966480445,6.85158951848896,0.05493815125603425,0.555584783212527,0.031520590292346516,0.046357615894039736,5.940857247976453,0.049301000459021645
compound,gene-embed/split_metadata,crispr_orf,1024,5,512,4,0.1,0.0001,200,auprc,False,0.07762164880704038,200,795f9503ff2ddc291ac9fb64fc5a36ed,grid_search_compound/795f9503ff2ddc291ac9fb64fc5a36ed/model.pt,0.6568309518263423,0.09085037345219366,0.16201117318435754,20.23087523277467,0.0630369097190468,0.5734613432935446,0.029651543905982854,0.06622516556291391,8.667512094312151,0.06344353352477283
compound,gene-embed/split_metadata,crispr_orf,1024,4,128,4,0.1,0.0001,200,auprc,False,0.07762164880704038,200,89b245da5f15bf15cbdfe832ddf90fca,grid_search_compound/89b245da5f15bf15cbdfe832ddf90fca/model.pt,0.6113591754355773,0.016347233887857707,0.0223463687150838,2.391827613727055,0.053985435319574254,0.536764046201868,0.028262371730480226,0.059602649006622516,7.745825949071914,0.046847078557077204
compound,gene-embed/split_metadata,crispr_orf,1024,10,512,4,0.1,0.0001,200,auprc,False,0.07762164880704038,200,6d8004d09b8b98b6f17ac64cfc07caf8,grid_search_compound/6d8004d09b8b98b6f17ac64cfc07caf8/model.pt,0.6211296721087052,0.11890483427956867,0.15083798882681565,18.587805057336077,0.07879252261237095,0.5619952098541784,0.029371401725235596,0.046357615894039736,5.940857247976453,0.07507456906636148
compound,gene-embed/split_metadata,crispr_orf,1024,10,512,6,0.2,0.001,200,auprc,False,0.07762164880704038,200,a3c99bc1b14fbb10416788e41707fadf,grid_search_compound/a3c99bc1b14fbb10416788e41707fadf/model.pt,0.49415064621162474,0.00952359813297325,0.0111731843575419,1.1824006565034877,0.05394783253340345,0.49640846723228765,0.013361481394519856,0.013245033112582781,1.640428463487266,0.045855867946030276
compound,gene-embed/split_metadata,crispr_orf,1024,4,512,6,0.1,0.001,200,auprc,False,0.07762164880704038,200,e632dd2b60d683f0fd848a4f243aeafc,grid_search_compound/e632dd2b60d683f0fd848a4f243aeafc/model.pt,0.44562832981741796,0.00862444086492023,0.01675977653631285,1.7836782630777044,0.055131501077037105,0.44394887018159346,0.01263423405096531,0.033112582781456956,4.185339744171278,0.04687037294436442
